song_popularity,song_duration_ms,acousticness,danceability,energy,instrumentalness,key,liveness,loudness,speechiness,tempo,audio_valence
73,262333,0.00552,0.496,0.682,2.94E-05,8,0.0589,-4.095,0.0294,167.06,0.474
66,216933,0.0103,0.542,0.853,0,3,0.108,-6.407,0.0498,105.256,0.37
76,231733,0.00817,0.737,0.463,0.447,0,0.255,-7.828,0.0792,123.881,0.324
74,216933,0.0264,0.451,0.97,0.00355,0,0.102,-4.938,0.107,122.444,0.198
56,223826,0.000954,0.447,0.766,0,10,0.113,-5.065,0.0313,172.011,0.574
80,235893,0.00895,0.316,0.945,1.85E-06,4,0.396,-3.169,0.124,189.931,0.32
81,199893,0.000504,0.581,0.887,0.00111,4,0.268,-3.659,0.0624,90.578,0.724
76,213800,0.00148,0.613,0.953,0.000582,2,0.152,-3.435,0.0855,105.046,0.537
80,222586,0.00108,0.33,0.936,0,1,0.0926,-3.66,0.0917,148.112,0.234
81,203346,0.00172,0.542,0.905,0.0104,9,0.136,-5.653,0.054,153.398,0.374
78,168253,0.0424,0.629,0.897,0,2,0.263,-3.401,0.0483,161.944,0.93
63,185586,0.0046,0.496,0.863,0,9,0.639,-4.153,0.0381,110.018,0.243
75,209266,0.00434,0.647,0.964,0.0036,9,0.15,-4.225,0.06,126.942,0.875
81,269000,0.0179,0.618,0.938,0,9,0.167,-3.442,0.0456,91.455,0.875
69,210240,0.000353,0.42,0.929,0.000747,7,0.122,-3.899,0.121,127.204,0.3
77,237026,0.000423,0.278,0.676,0.000899,9,0.136,-8.821,0.0371,104.545,0.494
71,227240,0.00136,0.659,0.778,6.79E-06,11,0.0841,-6.423,0.0379,110.022,0.623
62,256600,0.00701,0.37,0.944,2.90E-06,1,0.135,-4.979,0.0767,130.315,0.345
77,187613,0.0938,0.567,0.795,0,9,0.114,-4.985,0.134,170.06,0.635
79,233933,0.00664,0.545,0.865,1.12E-05,11,0.168,-5.708,0.0286,99.01,0.543
69,231533,0.0014,0.309,0.912,0.000271,4,0.582,-3.881,0.0646,183.035,0.302
79,230760,0.00552,0.276,0.715,0.000417,0,0.201,-5.356,0.0432,137.028,0.173
13,255066,0.0137,0.518,0.538,0.000398,0,0.141,-5.818,0.0486,170.953,0.687
62,195666,0.0171,0.58,0.981,1.07E-05,8,0.386,-2.603,0.06,134.007,0.861
77,304840,0.000202,0.602,0.905,0.064,2,0.117,-4.046,0.0775,128.019,0.411
79,232533,0.872,0.657,0.291,0,2,0.114,-10.572,0.0293,103.973,0.298
28,303920,0.0102,0.44,0.932,0,3,0.142,-4.488,0.0584,157.438,0.495
78,176346,2.64E-05,0.38,0.988,7.86E-05,1,0.368,-2.042,0.0639,186.113,0.769
77,311106,0.000289,0.217,0.905,0.00011,2,0.222,-4.103,0.0752,96.95,0.236
71,213106,0.0156,0.714,0.725,0,4,0.0726,-6.411,0.0402,99.988,0.59
11,262733,0.000194,0.582,0.597,0.000273,5,0.517,-5.671,0.0512,167.738,0.674
77,293960,0.00797,0.614,0.568,0,7,0.0997,-5.477,0.0276,107.849,0.516
65,264706,0.00189,0.509,0.774,0.000549,6,0.143,-4.054,0.0338,116.529,0.0824
75,231480,0.00461,0.498,0.83,0,6,0.139,-5.157,0.0421,89.342,0.453
74,213760,0.00506,0.599,0.932,0,9,0.269,-3.328,0.18,96.234,0.692
74,178266,0.000618,0.574,0.911,0,9,0.0769,-5.176,0.0715,98.075,0.573
11,269373,0.000917,0.433,0.959,0,9,0.028,-4.04,0.0431,172.984,0.365
73,242280,0.00164,0.549,0.93,6.67E-05,5,0.39,-3.468,0.0487,112.447,0.526
74,201960,0.00347,0.656,0.932,0.00147,4,0.144,-3.405,0.0708,130.936,0.544
79,229093,0.00898,0.499,0.824,0,7,0.163,-4.741,0.0794,161.977,0.699
70,193373,0.0223,0.624,0.899,0.000155,0,0.0975,-5.71,0.0295,104.055,0.797
60,282946,0.0417,0.545,0.753,0,3,0.389,-4.618,0.036,105.754,0.434
69,200546,5.53E-05,0.374,0.961,0.0834,10,0.138,-4.421,0.0851,167.032,0.357
73,279213,0.000996,0.695,0.876,6.89E-06,3,0.106,-4.262,0.0553,89.954,0.941
62,212733,0.000631,0.246,0.768,0.301,9,0.102,-7.48,0.0387,169.873,0.35
72,256240,0.00834,0.563,0.86,0.0106,8,0.39,-7.533,0.0621,97.867,0.517
57,194520,0.000153,0.391,0.831,0.00192,2,0.141,-3.892,0.0613,139.946,0.683
71,206586,0.000213,0.309,0.875,0.00168,1,0.113,-4.49,0.0488,143.526,0.725
63,173680,0.00225,0.535,0.948,0,6,0.376,-4.19,0.0356,103.183,0.778
64,215266,0.0132,0.524,0.578,0.00921,9,0.108,-4.563,0.12,123.669,0.537
71,270920,0.00014,0.468,0.769,0.00124,4,0.271,-7.036,0.041,104.102,0.17
61,175026,0.000295,0.592,0.932,7.59E-05,6,0.138,-4.491,0.0885,93.675,0.698
67,246040,4.78E-05,0.213,0.93,0,0,0.126,-4.478,0.0671,169.221,0.386
63,176306,5.10E-05,0.219,0.952,0.0989,2,0.157,-3.621,0.176,112.886,0.172
72,277840,0.000336,0.433,0.854,0.000177,9,0.162,-3.868,0.0483,89.4,0.368
71,238400,0.000671,0.509,0.843,0.000803,1,0.348,-3.318,0.0488,140.055,0.332
70,207213,0.00018,0.546,0.959,0.00144,8,0.0584,-4.664,0.082,127.831,0.416
65,218000,6.94E-06,0.408,0.965,0.000402,2,0.11,-4.232,0.05,136.018,0.349
69,299533,0.000249,0.269,0.853,0.000246,7,0.118,-4.647,0.0854,141.581,0.179
66,247266,3.32E-05,0.365,0.894,0.171,11,0.267,-4.682,0.0572,82.305,0.31
94,210367,0.0143,0.818,0.54,0.000512,6,0.099,-6.35,0.0544,97.064,0.174
98,212500,0.153,0.841,0.798,3.33E-06,1,0.0618,-4.206,0.229,95.948,0.591
59,185282,0.0983,0.83,0.497,0,1,0.0906,-6.94,0.052,127.965,0.634
73,199230,0.0557,0.687,0.766,0.00107,11,0.146,-6.08,0.054,94.973,0.303
94,180000,0.346,0.638,0.717,0,2,0.105,-4.722,0.0337,100.027,0.249
87,179693,0.352,0.746,0.703,0,4,0.331,-4.179,0.107,166.043,0.667
73,235720,0.0348,0.823,0.63,6.72E-06,7,0.0964,-3.932,0.0797,100.04,0.184
85,223583,0.235,0.701,0.512,5.07E-06,0,0.135,-6.869,0.0969,91.947,0.663
61,243487,0.117,0.695,0.884,0,0,0.104,-6.279,0.131,74.992,0.854
58,210865,0.716,0.722,0.584,0.000321,11,0.115,-8.467,0.318,169.978,0.646
92,204664,0.00381,0.8,0.578,0,4,0.359,-5.144,0.0485,143.01,0.367
83,215151,0.266,0.817,0.74,0,11,0.0992,-4.566,0.283,130.04,0.674
57,202373,0.107,0.398,0.66,0,1,0.121,-5.626,0.12,83.828,0.719
44,162733,0.00397,0.812,0.748,0,5,0.174,-5.959,0.139,132.035,0.158
47,157461,0.0526,0.659,0.734,2.48E-06,10,0.242,-4.008,0.046,161.971,0.346
54,170997,0.232,0.705,0.778,0,9,0.244,-4.101,0.177,160.099,0.709
47,188440,0.0255,0.723,0.687,0.000207,11,0.124,-4.632,0.2,173.747,0.777
64,253714,0.0257,0.928,0.402,0,8,0.0804,-7.569,0.451,139.998,0.62
56,272000,0.902,0.465,0.675,0.267,10,0.11,-7.555,0.0485,119.941,0.129
49,174000,0.571,0.632,0.652,0.85,4,0.194,-10.558,0.0302,115.031,0.594
65,209573,0.921,0.471,0.179,0,9,0.101,-10.273,0.089,174.273,0.194
52,202754,0.0857,0.871,0.545,0.000499,0,0.0756,-6.466,0.0625,96.035,0.415
61,178009,0.0646,0.829,0.606,0.391,5,0.281,-7.093,0.149,118.051,0.732
65,169251,0.149,0.837,0.649,7.63E-05,11,0.103,-5.26,0.192,164.002,0.948
77,220826,0.137,0.817,0.635,7.85E-06,5,0.245,-5.719,0.138,103.029,0.777
95,217822,0.172,0.635,0.902,0,0,0.125,-3.559,0.109,102.063,0.286
95,253390,0.099,0.816,0.726,0,5,0.372,-3.998,0.129,136.048,0.65
74,217652,0.267,0.815,0.626,1.31E-05,6,0.275,-5.139,0.103,109.989,0.571
77,199095,0.398,0.751,0.579,2.28E-05,2,0.133,-4.036,0.0321,105.031,0.349
45,185743,0.0749,0.736,0.906,0.000123,4,0.12,-1.49,0.0566,93.013,0.611
52,166253,0.00245,0.695,0.818,3.36E-06,6,0.305,-5.532,0.0482,102.976,0.599
38,234373,0.00323,0.543,0.847,0,9,0.0551,-3.574,0.0659,92.046,0.65
46,193846,0.271,0.841,0.841,2.60E-05,9,0.108,-4.288,0.0633,104.01,0.823
44,208800,0.425,0.777,0.546,0,7,0.0809,-9.504,0.207,147.173,0.952
75,211437,0.102,0.84,0.789,0,1,0.309,-4.695,0.0949,92.018,0.619
75,202853,0.181,0.831,0.713,0,1,0.0572,-3.646,0.094,132.109,0.69
45,198386,0.0797,0.825,0.481,0,2,0.239,-8.6,0.0396,121.046,0.761
53,224413,0.235,0.682,0.751,0,8,0.11,-5.812,0.0675,129.937,0.708
38,218448,0.00694,0.799,0.616,0.00237,5,0.283,-4.599,0.0415,127.023,0.697
60,176702,0.196,0.921,0.965,0.000201,1,0.323,-1.396,0.178,120.902,0.507
39,133120,0.108,0.703,0.617,5.61E-05,7,0.271,-8.732,0.0731,123.159,0.435
88,201526,0.165,0.792,0.895,0,1,0.0501,-3.112,0.0589,94.968,0.794
77,216689,0.0983,0.596,0.557,0,1,0.0565,-7.522,0.134,133.247,0.661
68,226183,0.0705,0.746,0.738,0,9,0.043,-3.67,0.207,94.808,0.63
46,215003,0.0079,0.493,0.825,0,8,0.129,-4.056,0.0798,99.866,0.621
44,175239,0.0429,0.836,0.725,0,7,0.108,-5.445,0.0571,126.035,0.76
37,161093,0.00436,0.701,0.779,0,11,0.121,-4.657,0.0647,119.974,0.451
53,182224,0.149,0.871,0.563,0,10,0.0568,-8.329,0.0795,91.998,0.62
65,215421,0.0507,0.65,0.801,0,7,0.0645,-5.407,0.0723,166.16,0.74
68,196018,0.265,0.784,0.437,6.98E-05,5,0.126,-7.868,0.0509,90.003,0.47
59,204453,0.133,0.494,0.729,0,2,0.143,-4.934,0.161,78.833,0.421
43,229038,0.0199,0.561,0.58,0,5,0.0619,-5.612,0.0414,84.98,0.294
53,191906,0.369,0.483,0.685,0,10,0.0817,-3.232,0.174,185.502,0.546
54,237860,0.0762,0.62,0.823,3.13E-05,5,0.112,-2.436,0.0567,175.921,0.404
84,217288,0.0185,0.704,0.859,0,5,0.0215,-4.877,0.0996,105.115,0.926
44,202574,0.586,0.633,0.765,6.89E-05,1,0.0966,-5.732,0.0474,100.934,0.489
40,167823,0.569,0.853,0.714,0.0101,7,0.0716,-6.177,0.0767,92.375,0.836
41,241135,0.0652,0.8,0.837,4.52E-05,7,0.0699,-4.488,0.099,105.026,0.813
37,194011,0.118,0.743,0.793,6.07E-05,2,0.227,-5.032,0.0546,109.921,0.434
79,236133,0.00249,0.646,0.77,0,2,0.0715,-6.596,0.226,99.165,0.681
74,267266,0.202,0.891,0.714,0.000234,4,0.0521,-6.055,0.14,100.972,0.818
10,241933,0.159,0.745,0.666,0,9,0.302,-5.899,0.0566,129.995,0.708
60,198813,0.0279,0.774,0.847,0.0183,5,0.241,-3.925,0.121,143.011,0.923
70,300026,0.342,0.672,0.832,0.000428,11,0.242,-2.388,0.342,117.298,0.549
79,250373,0.0183,0.894,0.791,0,2,0.0388,-4.699,0.112,105.018,0.583
76,338853,0.071,0.375,0.862,0,11,0.211,-3.363,0.255,159.841,0.478
84,218093,0.284,0.778,0.824,0,10,0.405,-5.892,0.0712,100.024,0.756
77,216666,0.217,0.675,0.885,0,1,0.086,-4.432,0.0436,97.03,0.768
84,239600,0.145,0.733,0.71,0.115,5,0.0956,-5.849,0.0292,127.975,0.965
74,246026,0.132,0.775,0.719,1.79E-06,7,0.0662,-6.212,0.0435,117.513,0.712
73,202533,0.0653,0.421,0.873,0,10,0.123,-4.343,0.0565,84.803,0.63
85,269560,0.922,0.422,0.264,0,8,0.132,-7.064,0.0322,119.93,0.331
78,259933,0.154,0.468,0.64,0,0,0.154,-5.862,0.0275,79.297,0.499
78,231240,0.00882,0.613,0.622,0,1,0.37,-5.794,0.0334,80.003,0.484
69,245960,0.235,0.435,0.92,0.000353,4,0.552,-1.357,0.201,188.899,0.45
75,188960,0.00165,0.662,0.741,0.0303,0,0.114,-5.406,0.0334,131,0.404
76,235213,0.103,0.728,0.974,0.000532,4,0.175,-2.261,0.0665,79.526,0.965
71,199693,0.0746,0.755,0.832,1.27E-06,2,0.291,-2.741,0.116,120.032,0.735
71,223933,0.0439,0.764,0.694,3.67E-06,11,0.18,-5.745,0.189,146.075,0.581
77,242733,0.0584,0.967,0.583,0,7,0.0519,-5.562,0.0789,117,0.964
69,252160,0.143,0.659,0.696,0,3,0.13,-4.291,0.071,86.001,0.665
76,261426,0.173,0.63,0.698,0,10,0.0789,-4.51,0.0244,94.023,0.529
65,237120,0.0142,0.824,0.743,2.12E-05,2,0.237,-5.995,0.141,127.046,0.804
73,200400,0.031,0.61,0.926,0.0012,8,0.0821,-4.843,0.0479,172.638,0.861
77,244506,0.0572,0.585,0.776,7.74E-06,5,0.3,-5.898,0.0459,77.987,0.427
80,256733,0.235,0.656,0.578,0,7,0.118,-8.97,0.0922,94.514,0.556
73,238560,0.578,0.457,0.573,3.05E-06,5,0.114,-3.866,0.0275,76.193,0.0992
54,203306,0.00611,0.701,0.7,0,7,0.0295,-4.934,0.0876,122.035,0.625
75,204160,0.0295,0.581,0.963,0,11,0.139,-4.087,0.0981,129.992,0.788
69,198053,0.00761,0.729,0.771,0,4,0.087,-2.451,0.0725,125.011,0.873
79,253813,0.03,0.649,0.552,6.47E-06,1,0.111,-5.419,0.0292,89.969,0.158
67,204000,6.79E-05,0.487,0.9,0,0,0.358,-4.417,0.0482,149.937,0.484
76,224400,0.073,0.724,0.695,0,11,0.0889,-5.226,0.0622,139,0.235
75,252306,0.192,0.671,0.939,0,8,0.298,-3.206,0.161,129.023,0.529
72,193213,0.0383,0.426,0.584,0,1,0.188,-5.293,0.296,193.437,0.272
81,262466,0.188,0.638,0.656,0,5,0.146,-5.886,0.0357,104.036,0.225
63,242013,0.00727,0.814,0.899,0.219,1,0.0979,-5.958,0.0637,119.011,0.545
77,258826,0.0208,0.583,0.786,0,2,0.188,-3.142,0.0301,123.052,0.573
78,270506,0.142,0.843,0.805,0,4,0.0771,-5.946,0.269,94.946,0.615
72,211920,0.00498,0.711,0.7,0.000125,1,0.215,-4.805,0.046,128.001,0.801
62,254040,0.0533,0.524,0.904,0,8,0.776,-2.071,0.398,161.188,0.655
77,211160,0.3,0.751,0.834,1.77E-05,1,0.355,-5.444,0.0437,95.053,0.894
77,288333,0.575,0.624,0.653,0,8,0.104,-6.582,0.176,73.884,0.565
77,248413,0.0426,0.794,0.811,1.07E-06,6,0.101,-8.966,0.038,116.047,0.862
75,249533,0.0161,0.68,0.687,0,9,0.261,-6.162,0.0709,150.053,0.467
78,203786,0.042,0.944,0.511,0.00107,5,0.0379,-10.96,0.161,113.046,0.842
77,259333,0.00577,0.706,0.801,0,5,0.0822,-6.333,0.0399,100.013,0.63
74,221360,0.407,0.53,0.422,0,5,0.107,-6.262,0.0342,119.964,0.349
65,215160,0.000304,0.535,0.886,2.26E-06,11,0.257,-3.106,0.045,126.012,0.445
76,196160,0.236,0.793,0.832,1.12E-05,1,0.202,-4.862,0.0406,107.661,0.872
69,244826,0.0825,0.655,0.488,1.16E-06,1,0.221,-9.17,0.22,91.025,0.791
67,192426,0.0407,0.636,0.873,1.27E-06,0,0.0372,-4.672,0.071,165.071,0.908
77,223440,0.257,0.662,0.507,0,5,0.0465,-8.238,0.118,86.412,0.676
81,203346,0.00172,0.542,0.905,0.0104,9,0.136,-5.653,0.054,153.398,0.374
52,221920,0.0411,0.555,0.923,0,0,0.112,-5.908,0.0482,116.012,0.682
60,236373,0.0204,0.591,0.699,0,8,0.0614,-5.221,0.0449,116.029,0.733
65,252853,0.0328,0.396,0.629,0,9,0.183,-4.78,0.0287,173.794,0.358
69,216600,0.000738,0.56,0.959,0.000206,7,0.209,-2.433,0.102,163.983,0.67
76,210200,0.263,0.653,0.609,0.00101,11,0.233,-7.519,0.037,95.982,0.482
79,230760,0.00552,0.276,0.715,0.000417,0,0.201,-5.356,0.0432,137.028,0.173
83,262533,0.269,0.64,0.743,0,10,0.101,-4.08,0.0379,122.035,0.361
69,218520,0.255,0.63,0.894,0,10,0.181,-4.592,0.0544,142.051,0.364
73,199946,0.271,0.519,0.749,0,6,0.119,-3.318,0.0405,147.905,0.29
72,298853,0.107,0.64,0.889,0,2,0.339,-3.073,0.322,99.931,0.436
31,224946,0.0251,0.815,0.808,5.37E-06,6,0.12,-4.614,0.0511,110.063,0.746
81,228706,0.603,0.609,0.445,6.77E-06,7,0.104,-9.129,0.106,118.393,0.166
67,209360,0.0392,0.551,0.696,0,2,0.127,-6.192,0.0265,112.024,0.354
76,241853,0.0187,0.338,0.803,0,8,0.136,-5.412,0.0413,151.994,0.4
63,221626,0.388,0.517,0.598,2.22E-06,6,0.183,-3.751,0.263,96.933,0.922
75,219493,0.254,0.583,0.584,0,5,0.123,-5.362,0.0314,140.039,0.136
67,191666,0.00127,0.806,0.902,0,11,0.212,-3.387,0.0475,128.943,0.961
73,175093,0.00666,0.494,0.939,0,1,0.139,-3.127,0.126,177.751,0.893
63,217760,0.00791,0.423,0.862,0,0,0.133,-5.13,0.0695,154.746,0.462
68,234000,0.126,0.871,0.597,0.000115,5,0.0638,-4.932,0.0464,125.999,0.635
73,234173,0.512,0.584,0.7,2.43E-05,6,0.13,-4.251,0.0506,163.953,0.549
64,204853,0.017,0.423,0.922,0,3,0.102,-2.602,0.0411,156.063,0.567
67,206520,0.00166,0.423,0.94,0,1,0.178,-4.012,0.0635,149.934,0.505
78,249626,0.0206,0.647,0.729,0.0489,5,0.134,-6.251,0.0236,94.01,0.687
48,222000,0.327,0.521,0.431,0,0,0.0986,-9.74,0.0293,106.546,0.181
68,251160,0.324,0.65,0.879,0,8,0.376,-3.176,0.0328,105.015,0.899
24,275253,0.439,0.82,0.717,0.00107,8,0.236,-6.191,0.0722,104.005,0.843
67,207466,0.211,0.756,0.8,0.000723,5,0.047,-5.158,0.0329,118.921,0.967
29,216706,0.0838,0.751,0.731,0,6,0.0556,-4.419,0.0308,97.007,0.973
66,215493,0.0893,0.719,0.809,0,1,0.183,-10.201,0.0511,100.839,0.964
63,267000,0.254,0.811,0.88,0.00146,8,0.0475,-2.972,0.0628,124.12,0.915
71,243413,0.0426,0.723,0.777,3.68E-06,7,0.0451,-3.503,0.108,91.017,0.961
71,198786,0.078,0.699,0.917,0,0,0.065,-4.897,0.115,130.04,0.889
59,252933,0.141,0.782,0.874,0.0584,2,0.112,-7.157,0.0474,123.179,0.859
66,232880,0.622,0.585,0.977,0,1,0.328,-3.57,0.0615,138.264,0.801
58,199316,0.833,0.744,0.601,0.0242,10,0.131,-5.241,0.0349,143.542,0.905
11,277600,0.0306,0.566,0.911,0.0247,4,0.0574,-9.458,0.0791,193.538,0.638
61,164120,0.455,0.548,0.688,0,7,0.072,-6.053,0.0372,179.842,0.813
84,218093,0.284,0.778,0.824,0,10,0.405,-5.892,0.0712,100.024,0.756
77,189440,0.0179,0.774,0.687,1.17E-05,11,0.128,-4.818,0.0584,104.959,0.308
74,254720,0.419,0.803,0.56,0,1,0.0608,-6.912,0.0398,133.679,0.77
70,239400,0.135,0.82,0.937,0.000128,5,0.35,-4.81,0.0551,130.993,0.906
56,272546,0.743,0.696,0.728,0.0537,7,0.0835,-6.937,0.034,124.092,0.963
80,228200,0.208,0.659,0.802,0,2,0.123,-4.79,0.148,177.936,0.863
54,203173,0.414,0.671,0.884,0.00015,6,0.0701,-9.267,0.0586,119.574,0.933
60,443480,0.779,0.582,0.61,6.54E-06,11,0.267,-6.641,0.103,93.658,0.826
77,192600,0.332,0.857,0.801,1.20E-06,0,0.0789,-6.499,0.0618,96.009,0.753
52,162213,0.337,0.816,0.416,0.791,5,0.0452,-17.795,0.244,90.148,0.817
51,212893,0.00487,0.542,0.714,0.298,2,0.334,-8.045,0.028,124.26,0.76
62,249506,0.422,0.927,0.721,4.36E-05,8,0.0422,-12.561,0.0908,103.018,0.965
57,172733,0.0699,0.348,0.751,0.000738,0,0.208,-12.823,0.0494,156.509,0.886
4,319560,0.318,0.522,0.526,0,2,0.116,-6.361,0.0259,90.02,0.43
56,262160,0.0485,0.779,0.631,0.00316,2,0.0349,-5.314,0.115,97.927,0.663
65,212000,0.0854,0.748,0.835,1.97E-06,7,0.0365,-5.731,0.0351,142.942,0.896
74,343413,0.199,0.648,0.846,4.23E-06,0,0.0803,-6.731,0.0424,160.075,0.815
7,238680,0.0151,0.815,0.757,5.26E-05,2,0.187,-5.351,0.165,127.052,0.811
73,243160,0.00411,0.425,0.954,0,1,0.0555,-3.756,0.0476,178.043,0.933
43,378373,0.112,0.559,0.73,0.00267,10,0.263,-8.461,0.0639,106.806,0.778
58,351400,0.652,0.555,0.331,1.16E-05,9,0.235,-17.718,0.27,170.603,0.437
59,408440,0.445,0.301,0.335,0.00181,0,0.751,-8.564,0.0303,176.591,0.386
7,181960,0.701,0.707,0.408,0,5,0.105,-12.776,0.0366,126.399,0.843
52,159466,0.491,0.66,0.504,2.65E-05,0,0.15,-13.087,0.0496,88.953,0.914
58,622520,0.422,0.489,0.679,6.92E-06,7,0.13,-4.899,0.0326,95.813,0.658
7,257213,0.83,0.507,0.423,0.00916,2,0.0973,-14.187,0.0332,82.809,0.701
41,208866,0.259,0.613,0.489,0,11,0.0696,-13.509,0.0503,145.278,0.898
50,325506,0.888,0.66,0.124,0.000764,5,0.111,-19.2,0.0496,129.919,0.362
63,263306,0.0102,0.543,0.903,0.00585,11,0.0862,-6.658,0.039,162.241,0.962
68,301426,0.59,0.691,0.805,0,2,0.0975,-6.81,0.0947,142.503,0.866
50,183546,0.565,0.576,0.698,0,0,0.386,-5.181,0.0321,98.855,0.708
60,205226,0.599,0.545,0.59,0,9,0.0916,-7.257,0.0813,100.835,0.583
52,278040,0.811,0.649,0.144,2.42E-06,0,0.089,-16.809,0.0522,119.193,0.264
42,193800,0.908,0.57,0.301,0.574,7,0.123,-13.846,0.0518,118.337,0.431
50,195533,0.853,0.39,0.263,0,2,0.219,-6.851,0.0394,80.332,0.446
40,128386,0.386,0.337,0.55,0,9,0.298,-5.814,0.0502,183.117,0.851
57,182226,0.548,0.514,0.83,0,2,0.321,-8.666,0.0391,148.806,0.964
78,240800,0.00255,0.438,0.805,5.69E-05,8,0.0842,-6.237,0.0624,113.253,0.564
69,198706,0.328,0.397,0.785,0.00495,2,0.0621,-9.168,0.0545,96.333,0.646
48,222746,0.00038,0.735,0.82,0.0572,2,0.0983,-8.554,0.0494,135.586,0.859
63,133200,0.029,0.597,0.554,0,11,0.0766,-14.144,0.0425,117.835,0.963
77,333893,0.0484,0.412,0.902,0.131,9,0.405,-11.6,0.405,89.74,0.422
77,425653,0.0112,0.386,0.607,1.38E-05,10,0.088,-7.7,0.0261,147.207,0.532
71,303200,0.23,0.547,0.58,0.00877,2,0.0569,-13.415,0.0293,109.827,0.505
71,134253,0.493,0.573,0.939,0,8,0.0994,-6.441,0.0808,137.382,0.963
70,149373,0.661,0.55,0.854,0,3,0.112,-5.968,0.036,159.231,0.965
71,178933,0.715,0.619,0.603,0,9,0.0721,-9.481,0.0342,127.432,0.958
61,163466,0.00102,0.51,0.893,5.85E-05,9,0.201,-9.267,0.0342,142.657,0.934
75,153693,0.406,0.653,0.519,0.0209,2,0.101,-10.164,0.0497,98.883,0.822
81,140773,0.201,0.64,0.663,0.00806,0,0.152,-7.516,0.0374,132.77,0.663
67,212893,0.273,0.439,0.737,0.28,2,0.228,-12.054,0.115,145.942,0.533
70,271280,0.000385,0.295,0.584,0.218,9,0.0996,-6.696,0.0345,117.2,0.228
68,165381,0.102,0.623,0.709,0,1,0.0967,-9.818,0.0636,122.394,0.948
61,193493,0.255,0.735,0.52,0,11,0.106,-6.18,0.0371,118.441,0.688
56,208666,0.255,0.412,0.59,0.0325,11,0.177,-12.277,0.0701,85.824,0.653
59,238266,0.22,0.704,0.528,0.35,5,0.14,-13.382,0.0358,117.472,0.73
71,170813,0.00876,0.533,0.905,0.578,2,0.0698,-5.27,0.0754,108.9,0.486
73,162373,0.352,0.552,0.616,0,1,0.0501,-9.785,0.0346,112.442,0.667
72,369600,0.729,0.483,0.721,0,0,0.189,-6.836,0.032,95.261,0.562
64,444053,0.469,0.451,0.364,0,9,0.197,-13.126,0.0436,154.206,0.298
65,229360,0.135,0.452,0.818,2.72E-05,2,0.052,-8.124,0.0439,124.474,0.755
68,173946,0.27,0.491,0.801,0,4,0.0665,-9.835,0.0361,160.109,0.971
71,429760,0.369,0.413,0.725,2.16E-05,3,0.0905,-5.787,0.0324,124.618,0.44
69,180943,0.0192,0.537,0.716,0,2,0.245,-8.766,0.038,122.873,0.452
54,184880,0.165,0.436,0.375,0,6,0.294,-13.856,0.0284,107.386,0.49
66,176333,0.767,0.816,0.514,0.949,10,0.0899,-8.741,0.0339,136.837,0.912
58,201800,0.505,0.556,0.161,4.36E-05,11,0.28,-13.944,0.0297,126.534,0.588
52,150906,0.00206,0.252,0.507,0.00057,2,0.325,-13.337,0.0442,196.494,0.816
60,153760,0.202,0.533,0.638,0,4,0.0729,-7.13,0.0341,156.663,0.937
72,250000,0.475,0.684,0.481,6.57E-05,2,0.118,-12.59,0.0384,115.078,0.784
13,120173,0.714,0.599,0.704,0,8,0.521,-8.566,0.243,173.043,0.95
30,187213,0.13,0.699,0.641,0.000218,2,0.0601,-7.564,0.0289,120.745,0.728
63,386373,0.044,0.271,0.553,0.0096,2,0.0999,-9.526,0.0472,86.762,0.433
37,226906,0.462,0.456,0.514,0.00037,7,0.268,-9.733,0.053,138.377,0.657
74,145746,0.386,0.49,0.715,0,7,0.311,-5.549,0.0476,130.726,0.866
64,171600,0.451,0.364,0.607,0,2,0.251,-9.791,0.125,79.987,0.598
38,142480,0.498,0.551,0.954,0,7,0.0884,-2.844,0.0814,136.862,0.685
51,214880,0.792,0.36,0.757,0.0125,3,0.147,-6.832,0.0405,83.865,0.341
63,160306,0.0592,0.423,0.681,0.000177,10,0.0889,-9.756,0.0397,110.461,0.559
21,219466,0.047,0.6,0.897,0.727,3,0.0672,-7.275,0.0477,137.375,0.676
62,198773,0.0751,0.507,0.847,0.237,1,0.372,-5.987,0.0411,98.096,0.566
69,174840,0.408,0.504,0.578,0,4,0.321,-9.302,0.031,132.411,0.654
53,290933,0.0252,0.528,0.514,0.0894,2,0.0725,-11.909,0.133,122.872,0.44
63,147893,0.229,0.494,0.666,5.69E-05,9,0.0469,-9.743,0.0351,140.832,0.699
66,125826,0.218,0.552,0.742,0,0,0.339,-7.963,0.0454,138.591,0.751
67,204480,0.0103,0.505,0.836,0.0771,5,0.295,-7.384,0.101,159.669,0.764
70,219026,0.326,0.396,0.473,0.000124,10,0.109,-7.67,0.0345,133.449,0.385
55,185523,0.000242,0.346,0.75,0.0119,11,0.271,-6.619,0.103,165.036,0.667
74,125666,0.879,0.332,0.179,0,5,0.0886,-11.83,0.0326,96.529,0.315
66,269106,0.465,0.195,0.483,0.497,4,0.0686,-4.991,0.03,84.71,0.173
72,318813,0.0748,0.299,0.443,0.000138,0,0.177,-12.621,0.0346,139.539,0.434
68,271573,0.142,0.64,0.651,0.28,4,0.0341,-14.981,0.0517,111.676,0.801
58,131360,0.0546,0.565,0.953,2.95E-05,9,0.0637,-6.504,0.0393,124.287,0.887
55,278626,0.225,0.63,0.519,4.30E-06,9,0.0974,-10.997,0.0528,143.942,0.502
71,162533,0.778,0.523,0.402,0,0,0.432,-8.233,0.0305,70.863,0.675
71,141600,0.0543,0.641,0.774,1.05E-05,2,0.0473,-5.916,0.0278,89.787,0.942
59,166466,0.758,0.35,0.293,8.21E-06,2,0.104,-9.502,0.0258,96.685,0.162
67,205293,0.0734,0.407,0.834,0.00021,6,0.241,-9.224,0.208,121.38,0.71
54,170760,0.8,0.558,0.686,0,7,0.815,-4.495,0.0289,132.075,0.886
57,138360,0.105,0.593,0.804,2.22E-06,7,0.047,-5.497,0.0319,148.959,0.962
70,192053,0.887,0.389,0.396,0,7,0.0828,-7.999,0.0332,171.86,0.585
57,179386,0.381,0.562,0.768,0.03,7,0.168,-6.613,0.0606,119.544,0.966
49,710826,0.285,0.351,0.228,0.00116,0,0.123,-17.271,0.0307,104.551,0.0329
67,140920,0.26,0.377,0.916,0,4,0.074,-3.199,0.0481,75.533,0.912
64,254133,0.0746,0.403,0.709,0.494,9,0.132,-9.366,0.0885,97.161,0.654
80,183306,0.182,0.491,0.583,0,7,0.407,-10.964,0.0376,150.572,0.907
75,270773,0.447,0.634,0.63,0.039,1,0.17,-8.277,0.031,118.628,0.489
63,190253,0.405,0.425,0.903,0.0128,1,0.117,-4.801,0.0732,108.748,0.769
47,163026,0.595,0.469,0.647,1.65E-06,8,0.339,-13.913,0.0315,147.878,0.942
70,150640,0.486,0.551,0.293,0.000273,2,0.0864,-12.503,0.0272,106.798,0.322
60,154120,0.0356,0.704,0.773,0.00498,9,0.082,-9.621,0.0279,141.655,0.972
66,134386,0.36,0.39,0.625,0,9,0.0663,-7.813,0.0537,144.338,0.514
61,149466,0.513,0.456,0.47,3.76E-05,2,0.444,-9.564,0.0294,120.336,0.639
67,164106,0.365,0.705,0.515,0,4,0.389,-9.343,0.0337,112.035,0.803
38,252040,0.0176,0.585,0.676,0.732,5,0.129,-11.267,0.0471,109.309,0.474
53,149733,0.387,0.338,0.668,1.59E-05,2,0.111,-8.641,0.0421,127.097,0.561
58,194733,0.0154,0.57,0.754,0.0133,0,0.184,-9.948,0.031,127.957,0.708
68,165426,0.914,0.38,0.0993,2.32E-05,2,0.0605,-20.567,0.0509,174.874,0.44
50,134133,0.184,0.341,0.416,6.28E-05,11,0.0917,-9.574,0.0265,102.886,0.499
14,176160,0.038,0.55,0.929,0,9,0.135,-5.765,0.0815,129.011,0.643
52,156106,0.528,0.646,0.813,0.00786,9,0.178,-6.733,0.0434,129.378,0.711
49,172746,0.395,0.601,0.596,2.34E-06,9,0.451,-8.029,0.0734,128.168,0.503
54,158250,0.721,0.421,0.664,0.00244,11,0.0851,-10.657,0.0665,201.583,0.574
52,235826,0.265,0.421,0.58,0.0136,7,0.0973,-7.011,0.0285,129.959,0.403
33,174573,0.211,0.438,0.754,0,2,0.124,-7.035,0.0381,123.744,0.435
58,197274,0.664,0.318,0.303,0.000223,11,0.113,-15.572,0.0302,174.254,0.226
8,189848,0.000288,0.355,0.761,0.0141,11,0.189,-6.309,0.0978,165.209,0.685
43,482278,0.101,0.555,0.694,0,9,0.123,-8.453,0.0426,127.423,0.602
49,178266,0.354,0.341,0.714,0,2,0.31,-7.998,0.0404,147.604,0.412
30,177426,0.0586,0.68,0.507,6.49E-06,7,0.0754,-5.929,0.0336,123.47,0.854
55,160400,0.727,0.506,0.948,0,10,0.0904,-5.626,0.105,130.195,0.934
40,181760,0.0565,0.329,0.806,0.21,1,0.355,-11.925,0.0596,142.625,0.619
42,213706,0.441,0.65,0.798,0.000706,9,0.137,-8.126,0.0541,110.646,0.464
62,188560,0.0229,0.527,0.871,0.155,4,0.419,-8.708,0.0354,120.722,0.107
16,279520,0.025,0.682,0.621,0.852,7,0.153,-9.653,0.0451,125.91,0.861
56,214640,0.21,0.364,0.768,0.136,9,0.503,-10.492,0.0757,130.602,0.37
42,166092,0.111,0.46,0.955,0.54,11,0.952,-6.684,0.0487,160.073,0.726
69,334106,0.468,0.615,0.129,0,6,0.114,-14.892,0.0286,91.769,0.249
73,256000,0.219,0.63,0.449,0,5,0.0622,-13.243,0.0252,84.378,0.623
77,199493,0.883,0.414,0.161,0.000223,7,0.117,-22.32,0.0318,159.375,0.423
69,258834,0.782,0.619,0.22,1.19E-05,0,0.124,-13.843,0.0667,75.16,0.423
83,391376,0.00574,0.579,0.508,0.000494,2,0.0575,-9.484,0.027,147.125,0.609
79,296800,0.313,0.711,0.292,0,4,0.131,-15.523,0.037,103.951,0.194
74,258411,0.157,0.659,0.678,6.69E-06,0,0.0784,-8.18,0.0313,106.186,0.647
76,206266,0.367,0.475,0.322,0.00056,7,0.11,-10.687,0.0283,93.503,0.387
64,214080,0.579,0.601,0.574,1.14E-05,2,0.216,-8.166,0.03,147.964,0.8
53,268706,0.681,0.695,0.282,0.0267,9,0.0767,-15.359,0.0295,91.681,0.445
71,233560,0.578,0.684,0.248,0,0,0.0643,-10.505,0.0435,116.002,0.621
54,155453,0.841,0.575,0.188,4.37E-05,9,0.228,-18.758,0.0959,77.464,0.334
72,155880,0.589,0.62,0.446,0.0299,1,0.0727,-14.451,0.0347,88.591,0.868
70,187013,0.189,0.541,0.459,0.0274,4,0.099,-10.433,0.0297,171.165,0.803
13,216573,0.762,0.609,0.368,6.28E-06,10,0.335,-13.338,0.0294,90.373,0.618
80,281613,0.386,0.602,0.522,1.44E-05,10,0.0941,-9.031,0.0285,136.637,0.36
77,336453,0.551,0.446,0.239,4.10E-06,0,0.0697,-13.945,0.0316,189.507,0.298
65,286880,0.743,0.664,0.553,0.00978,9,0.0838,-7.723,0.0264,112.52,0.287
64,277160,0.715,0.28,0.344,0.00642,0,0.133,-12.577,0.0293,171.143,0.232
78,281226,0.0794,0.538,0.704,0,1,0.0867,-8.904,0.0332,120.963,0.583
77,252239,0.686,0.654,0.506,0.0155,11,0.155,-17.18,0.0535,123.179,0.831
76,161533,0.566,0.674,0.537,0,1,0.131,-10.971,0.0363,110.578,0.809
78,243026,0.631,0.443,0.403,0,0,0.111,-8.339,0.0322,143.462,0.41
34,350266,0.559,0.605,0.574,0.113,2,0.0684,-10.536,0.0377,129.449,0.543
71,164813,0.237,0.626,0.816,1.80E-06,9,0.104,-10.593,0.13,105.33,0.798
62,200146,0.763,0.784,0.459,1.28E-06,0,0.0684,-10.446,0.0304,106.957,0.931
69,271333,0.302,0.453,0.464,5.96E-05,2,0.152,-10.96,0.0431,93.19,0.658
60,229560,0.68,0.603,0.252,6.96E-05,2,0.147,-12.402,0.0337,122.631,0.179
64,123173,0.851,0.456,0.26,0.166,3,0.142,-15.435,0.0548,82.321,0.491
59,170759,0.621,0.661,0.518,1.78E-05,6,0.0953,-10.061,0.0319,127.266,0.776
55,212160,0.943,0.503,0.265,0.045,2,0.0867,-15.913,0.0333,78.044,0.522
67,227705,0.856,0.502,0.4,0.000375,7,0.333,-13.697,0.0294,127.182,0.435
71,176533,0.877,0.713,0.258,0.00606,9,0.0967,-14.59,0.0384,98.805,0.56
66,228133,0.361,0.257,0.412,8.68E-05,1,0.0702,-11.788,0.0287,152.126,0.858
75,200160,0.354,0.483,0.503,0.000284,0,0.116,-9.396,0.0341,151.862,0.598
62,230226,0.905,0.464,0.328,0,4,0.135,-9.005,0.0407,70.859,0.784
49,261546,0.405,0.872,0.316,0.0126,0,0.0849,-14.415,0.0436,119.528,0.57
63,341626,0.414,0.421,0.661,1.16E-06,9,0.0962,-13.126,0.0433,100.965,0.554
77,187866,0.907,0.547,0.257,0.183,0,0.0935,-12.358,0.0252,75.752,0.169
65,229826,0.387,0.471,0.494,0.0944,7,0.617,-10.407,0.0312,79.255,0.373
46,129106,0.589,0.712,0.167,0,1,0.157,-22.047,0.891,96.637,0.376
58,260893,0.233,0.575,0.432,0.00135,10,0.0743,-13.642,0.0314,132.145,0.348
62,233240,0.597,0.573,0.429,8.18E-05,2,0.0839,-8.68,0.0294,139.097,0.361
71,235986,0.639,0.442,0.384,7.70E-05,10,0.0539,-14.635,0.0414,123.281,0.216
45,207866,0.918,0.667,0.266,0.284,9,0.136,-16.339,0.0362,138.178,0.349
66,269066,0.366,0.481,0.392,0.0452,1,0.124,-11.381,0.0312,124.572,0.52
63,201334,0.119,0.837,0.496,0.357,7,0.115,-11.821,0.0402,125.017,0.964
65,237106,0.576,0.803,0.488,0.0609,1,0.0763,-9.303,0.0803,95.771,0.624
62,229066,0.953,0.624,0.158,0.00135,9,0.112,-13.059,0.0289,85.492,0.303
68,174826,0.357,0.755,0.876,5.17E-06,0,0.22,-8.867,0.0362,102.762,0.954
67,179760,0.896,0.593,0.205,5.46E-05,9,0.119,-14.601,0.0479,140.279,0.377
50,272160,0.35,0.593,0.468,3.52E-05,7,0.0919,-11.165,0.0285,75.798,0.597
58,310773,0.948,0.474,0.0404,0.000263,9,0.111,-22.208,0.0387,119.415,0.18
59,226866,0.494,0.508,0.56,0.00611,9,0.106,-8.244,0.0304,122.514,0.386
63,211666,0.29,0.632,0.556,0.0215,9,0.0779,-10.138,0.0288,104.996,0.633
50,309760,0.614,0.749,0.246,0.000138,0,0.0967,-12.847,0.0383,132.153,0.308
21,262600,0.378,0.678,0.622,0.000953,11,0.363,-8.875,0.0301,102.229,0.471
48,213026,0.78,0.476,0.318,2.00E-06,10,0.104,-10.953,0.0304,126.495,0.311
53,203333,0.55,0.41,0.598,0.00274,2,0.092,-8.515,0.0405,76.445,0.262
72,229240,0.368,0.583,0.602,0,11,0.22,-6.364,0.0274,74.008,0.388
44,250333,0.345,0.6,0.363,0.000333,7,0.25,-15.469,0.037,125.761,0.75
53,159640,0.83,0.387,0.194,0.00145,1,0.131,-10.829,0.031,121.7,0.0862
63,239399,0.739,0.732,0.161,0.000379,11,0.105,-12.817,0.0306,95.21,0.5
59,354320,0.288,0.392,0.402,0,0,0.243,-9.961,0.0536,143.883,0.228
80,482830,0.58,0.338,0.34,0.0032,9,0.116,-12.049,0.0339,82.433,0.197
83,391376,0.00574,0.579,0.508,0.000494,2,0.0575,-9.484,0.027,147.125,0.609
71,200480,0.123,0.651,0.801,0,0,0.0825,-7.34,0.0513,133.763,0.776
74,434720,0.25,0.549,0.722,0.0138,11,0.11,-11.729,0.0283,103.885,0.716
74,168826,0.0551,0.657,0.932,0,1,0.047,-5.819,0.0992,144.751,0.888
63,381626,0.299,0.653,0.631,0.00265,9,0.0627,-11.334,0.0461,156.32,0.516
65,217746,0.505,0.547,0.308,0,0,0.109,-11.75,0.0377,114.719,0.41
66,147493,0.0424,0.598,0.797,0.000407,7,0.0717,-6.793,0.0332,123.566,0.622
69,271333,0.302,0.453,0.464,5.96E-05,2,0.152,-10.96,0.0431,93.19,0.658
68,341773,0.669,0.371,0.404,0.00453,7,0.0805,-6.452,0.0255,74.386,0.153
77,187866,0.907,0.547,0.257,0.183,0,0.0935,-12.358,0.0252,75.752,0.169
78,243026,0.631,0.443,0.403,0,0,0.111,-8.339,0.0322,143.462,0.41
79,266960,0.388,0.307,0.433,9.08E-05,1,0.332,-10.057,0.029,160.9,0.224
68,191946,0.026,0.608,0.746,2.39E-06,0,0.043,-8.851,0.354,134.03,0.745
83,208400,0.0591,0.573,0.913,0.00173,6,0.156,-4.793,0.132,115.715,0.422
62,267000,0.157,0.729,0.818,0.285,2,0.195,-9.992,0.0732,125.811,0.907
63,342173,0.0983,0.632,0.586,0.581,0,0.0535,-11.333,0.0284,114.243,0.89
64,196466,0.676,0.489,0.349,0.0789,2,0.0866,-14.295,0.0323,124.348,0.622
67,290280,0.0338,0.582,0.81,1.68E-05,1,0.202,-7.024,0.0396,151.006,0.875
71,547106,0.0765,0.252,0.844,0.00018,0,0.084,-8.121,0.0572,118.158,0.351
69,221640,0.0607,0.699,0.502,0.0337,9,0.317,-12.526,0.0278,105.266,0.676
67,241040,0.582,0.474,0.917,0.231,9,0.201,-4.19,0.0395,152.113,0.902
72,295386,0.396,0.437,0.864,0.0314,4,0.242,-7.842,0.0904,81.394,0.749
70,134466,0.000269,0.385,0.783,0.47,9,0.108,-2.533,0.233,176.701,0.902
66,191226,0.78,0.806,0.462,0.0134,2,0.15,-12.778,0.0298,92.726,0.736
52,313466,0.0889,0.321,0.627,0.00878,8,0.0699,-9.509,0.0542,132.855,0.141
63,428133,0.291,0.456,0.696,0.000207,5,0.0853,-10,0.0653,142.156,0.508
72,214733,0.448,0.55,0.824,0.000127,2,0.366,-5.988,0.0334,114.512,0.777
67,226666,0.0726,0.322,0.265,0.34,2,0.366,-13.398,0.0302,133.577,0.207
75,382296,0.15,0.472,0.366,0.308,11,0.0837,-12.595,0.0286,127.167,0.171
71,269920,0.00501,0.27,0.944,2.05E-05,4,0.116,-4.199,0.0975,146.347,0.606
74,423840,0.584,0.394,0.918,0.332,1,0.309,-3.743,0.0709,115.646,0.479
69,225626,0.0152,0.619,0.579,6.40E-05,4,0.0858,-9.307,0.0473,127.224,0.69
54,211973,0.0422,0.323,0.978,0.00019,5,0.201,-3.841,0.118,134.222,0.168
74,515866,0.6,0.527,0.509,0,7,0.144,-10.893,0.0628,138.317,0.497
64,396186,0.0667,0.48,0.47,0.0171,7,0.067,-11.919,0.044,122.569,0.701
47,511293,0.233,0.685,0.806,0.728,2,0.105,-12.151,0.0497,134.889,0.31
67,355303,0.00349,0.336,0.792,0.00178,9,0.0437,-10.875,0.0848,155.588,0.425
74,266720,0.234,0.445,0.706,0.000252,8,0.205,-9.803,0.0461,80.823,0.768
71,220400,0.0114,0.653,0.73,1.03E-05,5,0.0754,-10.613,0.043,108.705,0.894
53,345680,0.717,0.62,0.559,0.433,2,0.133,-10.568,0.0369,129.401,0.527
75,264503,0.394,0.424,0.446,3.78E-06,5,0.16,-9.618,0.0525,165.158,0.794
71,122066,0.688,0.692,0.488,0,11,0.4,-7.282,0.104,81.4,0.51
74,254173,0.683,0.575,0.318,0.000202,0,0.0934,-16.729,0.109,104.522,0.385
69,228666,0.215,0.641,0.927,0.00029,0,0.045,-3.532,0.0351,128.606,0.966
65,307493,0.146,0.55,0.726,0.00608,2,0.428,-8.51,0.0516,92.697,0.37
76,308120,0.0029,0.333,0.927,0.000211,9,0.297,-8.55,0.0733,141.47,0.382
60,187013,0.212,0.542,0.444,0.0519,4,0.102,-11.567,0.0295,171.719,0.827
68,298093,0.006,0.531,0.948,0.0117,9,0.694,-5.438,0.0568,136.891,0.498
68,350400,0.0632,0.73,0.868,0.0661,5,0.318,-7.325,0.0288,148.217,0.923
80,281613,0.386,0.602,0.522,1.44E-05,10,0.0941,-9.031,0.0285,136.637,0.36
80,257800,0.0644,0.828,0.492,0.00428,0,0.128,-9.744,0.0276,120.151,0.789
67,179200,0.389,0.467,0.486,0,10,0.121,-6.645,0.0274,95.205,0.184
53,232466,0.000199,0.479,0.512,0.0164,11,0.123,-12.462,0.0382,118.953,0.795
63,192145,0.937,0.617,0.0457,0.641,0,0.0991,-26.401,0.0344,99.48,0.0967
64,510573,0.0682,0.41,0.761,0.0077,4,0.0758,-9.453,0.0687,132.889,0.391
70,288160,0.488,0.309,0.831,0.00304,1,0.286,-8.288,0.036,181.145,0.934
72,200579,0.499,0.611,0.35,7.84E-06,5,0.0844,-14.48,0.0356,76.064,0.36
78,281226,0.0794,0.538,0.704,0,1,0.0867,-8.904,0.0332,120.963,0.583
75,300000,0.287,0.494,0.722,0.186,5,0.283,-8.373,0.0347,117.312,0.156
68,275733,0.015,0.694,0.577,0.00836,4,0.0853,-14.63,0.0308,114.478,0.845
74,295400,0.0589,0.586,0.7,0.00125,0,0.0318,-9.558,0.0363,147.245,0.897
73,322548,0.238,0.668,0.678,6.29E-06,0,0.527,-8.015,0.0496,132.584,0.778
57,210826,0.154,0.642,0.641,1.23E-06,2,0.0475,-12.444,0.049,120.316,0.85
63,341626,0.414,0.421,0.661,1.16E-06,9,0.0962,-13.126,0.0433,100.965,0.554
69,214960,0.148,0.472,0.9,0.000297,8,0.34,-6.406,0.0582,95.826,0.42
53,1233666,0.0787,0.345,0.795,0.00165,2,0.18,-7.44,0.108,134.141,0.189
65,211066,0.208,0.429,0.668,0,4,0.538,-7.539,0.044,77.737,0.398
52,334000,0.00966,0.786,0.481,0,2,0.0954,-11.236,0.114,119.854,0.785
54,390146,0.201,0.225,0.889,0.734,7,0.379,-4.371,0.0337,96.02,0.599
72,261933,0.015,0.547,0.691,0.105,4,0.144,-13.553,0.0369,137.148,0.667
59,246573,0.0821,0.644,0.799,0.00154,4,0.055,-10.856,0.0598,108.382,0.889
68,237893,0.018,0.465,0.865,0.00135,11,0.0769,-9.573,0.098,117.528,0.677
73,265173,0.387,0.787,0.877,0.00065,1,0.0387,-3.822,0.032,100.61,0.837
70,313026,0.0832,0.479,0.601,0.00142,7,0.11,-8.806,0.0318,124.966,0.669
66,163893,0.398,0.625,0.35,6.76E-05,9,0.123,-8.395,0.0436,113.688,0.69
75,323000,0.00316,0.483,0.786,8.86E-05,7,0.446,-5.735,0.0319,126.748,0.793
63,219400,0.0049,0.549,0.916,0.123,4,0.104,-4.185,0.034,127.131,0.632
69,293120,0.822,0.149,0.206,0.000649,3,0.115,-13.888,0.0323,79.764,0.264
58,300800,0.294,0.641,0.397,0.000717,7,0.0496,-12.285,0.0454,81.962,0.57
55,254400,0.132,0.662,0.763,0.0013,0,0.067,-7.475,0.0397,126.333,0.699
56,288400,0.148,0.617,0.461,0.0151,5,0.12,-14.485,0.0434,93.853,0.828
67,195306,0.319,0.623,0.91,0.000448,9,0.081,-8.448,0.0384,145.624,0.745
64,467640,0.00975,0.436,0.657,0.00748,5,0.0931,-8.868,0.0541,118.693,0.21
59,365000,0.16,0.287,0.562,0,0,0.103,-7.549,0.0304,147.622,0.126
72,248173,0.0694,0.531,0.818,0.0096,2,0.263,-5.358,0.0452,90.767,0.471
64,199906,0.266,0.48,0.626,5.70E-05,5,0.0857,-8.406,0.0294,75.63,0.542
66,313840,0.326,0.543,0.529,0.00269,7,0.709,-9.717,0.0301,85.126,0.746
48,836666,0.0439,0.295,0.568,0.0117,0,0.977,-8.232,0.0284,98.284,0.384
66,471160,0.0817,0.354,0.731,0.00119,2,0.115,-9.178,0.0381,170.64,0.698
39,289373,0.453,0.377,0.778,0,4,0.571,-6.658,0.0827,117.238,0.218
72,149880,0.251,0.513,0.396,0.177,7,0.11,-13.061,0.0299,140.208,0.229
58,456640,0.481,0.751,0.572,0.000532,0,0.105,-12.324,0.0388,115.839,0.58
72,286219,0.0966,0.667,0.755,6.94E-05,9,0.0523,-7.246,0.069,109.535,0.883
69,536226,0.25,0.505,0.476,0.00915,2,0.113,-12.897,0.0711,99.31,0.542
60,266013,0.412,0.693,0.528,0.00355,11,0.0563,-13.094,0.0855,124.573,0.339
47,501213,0.0129,0.423,0.834,0.00113,9,0.164,-5.498,0.037,113.876,0.606
68,212306,0.583,0.549,0.651,0,0,0.121,-7.097,0.0323,122.818,0.368
65,508333,0.214,0.326,0.872,0,2,0.461,-7.602,0.122,173.381,0.492
73,406306,0.0214,0.274,0.949,0.00778,11,0.218,-8.642,0.0896,100.346,0.497
73,210226,0.00124,0.527,0.978,4.75E-05,8,0.0744,-5.436,0.109,141.169,0.463
66,252493,0.00853,0.482,0.601,0.000187,7,0.249,-12.846,0.0486,125.619,0.774
68,291306,0.000886,0.535,0.967,0.0204,2,0.233,-4.082,0.068,110.97,0.347
75,267306,0.00211,0.267,0.953,0,1,0.283,-4.899,0.096,84.989,0.568
60,399693,0.00582,0.403,0.88,0.000508,0,0.319,-5.872,0.0532,100.457,0.235
75,296200,0.361,0.453,0.906,0.000569,9,0.26,-4.001,0.115,137.575,0.473
26,223733,0.0771,0.559,0.825,0,0,0.363,-10.725,0.0401,122.821,0.805
59,245266,0.000895,0.577,0.676,2.29E-06,8,0.0625,-11.931,0.0295,95.98,0.676
16,287400,0.0478,0.367,0.445,0.00284,9,0.199,-13.615,0.0286,67.197,0.149
61,256933,0.000692,0.512,0.947,0.114,9,0.0283,-5.659,0.0401,117.461,0.612
58,205560,0.000402,0.442,0.759,0.0081,10,0.174,-13.475,0.0354,198.117,0.279
67,316706,0.048,0.555,0.973,0,9,0.0853,-3.804,0.035,118.642,0.805
63,316866,0.0434,0.494,0.933,0.00108,2,0.228,-5.977,0.0808,121.201,0.507
74,310333,0.0628,0.536,0.844,0.00084,6,0.0608,-6.918,0.058,117.652,0.185
66,240933,0.0999,0.403,0.777,3.28E-06,5,0.124,-6.416,0.0354,76.329,0.149
60,237466,0.0203,0.505,0.631,2.21E-05,9,0.141,-10.433,0.038,118.178,0.835
60,283133,0.31,0.476,0.331,2.82E-06,5,0.172,-14.884,0.0305,130.574,0.24
75,273600,0.0326,0.445,0.955,0.284,8,0.317,-8.027,0.0856,123.343,0.336
71,260173,0.16,0.533,0.637,1.12E-05,6,0.369,-5.571,0.0323,140.167,0.292
61,284600,0.109,0.333,0.79,0,0,0.115,-6.802,0.0386,180.356,0.534
62,236640,0.187,0.686,0.781,1.90E-05,2,0.332,-5.906,0.0523,120.191,0.64
61,322933,0.028,0.723,0.541,0.00339,0,0.133,-14.021,0.0303,131.675,0.607
67,308666,0.137,0.257,0.803,0.0156,7,0.297,-3.886,0.0411,150.818,0.294
59,354640,0.229,0.36,0.527,0.000792,9,0.0536,-9.883,0.0289,132.639,0.247
55,194106,0.00384,0.567,0.867,0.088,7,0.112,-11.541,0.0484,146.008,0.535
69,270426,0.0296,0.6,0.931,7.10E-05,7,0.392,-4.647,0.0734,140.123,0.542
15,270160,0.207,0.39,0.898,6.64E-05,7,0.217,-4.089,0.045,90.703,0.204
63,250626,0.0665,0.52,0.887,0.000179,0,0.186,-3.296,0.0349,122.528,0.793
77,356400,0.141,0.449,0.901,0.0675,6,0.128,-7.711,0.0526,125.148,0.696
68,287400,0.000183,0.441,0.908,0.00328,11,0.0612,-4.627,0.115,145.439,0.632
19,239560,0.0745,0.547,0.822,0.00943,0,0.0645,-7.201,0.0292,130.138,0.774
7,247493,0.036,0.562,0.965,0,4,0.326,-2.789,0.0613,105.305,0.39
59,224960,0.00888,0.49,0.951,0.00126,11,0.376,-3.888,0.0966,158.075,0.628
15,220706,0.027,0.526,0.924,0.000728,7,0.598,-5.591,0.0391,147.28,0.793
61,353786,0.0642,0.476,0.901,0.158,8,0.0557,-6.751,0.0975,91.955,0.109
57,284026,0.00111,0.474,0.977,0.00298,7,0.201,-3.839,0.176,89.494,0.236
56,266626,0.0135,0.616,0.965,0.000174,11,0.119,-4.464,0.0613,126.535,0.405
60,219666,0.0127,0.502,0.924,0,4,0.162,-6.299,0.0503,149.186,0.922
68,201026,0.0372,0.472,0.946,0,2,0.352,-4.591,0.145,177.489,0.486
51,209066,0.0025,0.423,0.696,2.44E-06,4,0.221,-11.589,0.0335,129.02,0.786
60,231280,0.000384,0.457,0.794,7.26E-05,1,0.131,-6.624,0.0298,90.439,0.354
66,201400,0.00536,0.679,0.859,5.18E-05,0,0.327,-5.945,0.0665,124.324,0.792
69,265773,0.417,0.537,0.978,1.56E-05,4,0.0374,-2.921,0.0442,126.343,0.931
54,235733,0.00961,0.523,0.88,0.000828,9,0.329,-9.019,0.0402,132.426,0.553
60,262200,0.0194,0.298,0.612,9.67E-05,3,0.0906,-9.002,0.0379,156.727,0.343
60,269600,0.0515,0.3,0.894,0.000333,2,0.125,-7.786,0.109,118.631,0.268
4,284973,0.0537,0.46,0.974,7.95E-06,2,0.329,-5.095,0.156,112.684,0.444
47,228533,0.013,0.426,0.961,0.0259,8,0.0621,-4.365,0.07,171.411,0.616
5,223533,0.00081,0.296,0.83,0,1,0.263,-7.051,0.0505,164.124,0.478
51,295426,0.00122,0.204,0.794,0,2,0.148,-7.586,0.0618,149.346,0.205
3,271400,4.95E-05,0.463,0.926,0.000576,5,0.0868,-3.563,0.12,131.129,0.501
48,255720,0.00434,0.479,0.822,4.76E-06,4,0.0843,-6.412,0.0444,130.035,0.562
4,248333,0.00388,0.33,0.963,0.00714,9,0.0793,-5.509,0.106,171.59,0.734
59,241893,0.159,0.498,0.858,0,7,0.262,-5.259,0.0661,132.718,0.778
54,265333,0.0113,0.619,0.751,7.87E-05,7,0.123,-11.568,0.0417,126.079,0.532
53,263560,0.0373,0.562,0.991,1.14E-05,7,0.425,-2.654,0.0745,118.004,0.266
66,246800,0.0846,0.611,0.883,1.20E-06,9,0.192,-11.225,0.0539,117.928,0.604
77,245620,0.132,0.817,0.599,0.000311,0,0.0873,-9.249,0.0328,108.873,0.548
55,241800,0.00819,0.468,0.743,7.88E-05,0,0.369,-10.846,0.0326,156.103,0.648
67,313693,0.00642,0.345,0.531,7.28E-06,0,0.14,-12.708,0.0305,176.302,0.49
61,281960,0.00742,0.596,0.896,0.00057,0,0.372,-4.635,0.0382,115.092,0.456
64,236843,0.115,0.462,0.488,0,6,0.128,-11.143,0.0287,145.789,0.33
57,238200,0.00864,0.509,0.935,1.17E-06,6,0.255,-3.633,0.0493,148.062,0.501
63,195853,0.02,0.489,0.953,0.00021,0,0.113,-4.615,0.0858,94.443,0.447
67,230666,0.00482,0.476,0.897,2.38E-05,9,0.152,-4.237,0.0627,152.497,0.667
54,222466,0.00465,0.567,0.889,0.000183,9,0.269,-11.782,0.0304,132.726,0.555
60,318226,0.0158,0.44,0.772,5.65E-06,9,0.082,-8.838,0.0335,112.839,0.321
62,227693,0.0606,0.531,0.626,0,0,0.0767,-13.371,0.0452,88.236,0.746
51,226026,0.000373,0.516,0.733,0.00716,7,0.258,-11.341,0.0326,98.006,0.552
59,287320,0.0241,0.273,0.537,0,2,0.0922,-9.612,0.0306,81.814,0.232
31,168733,0.046,0.656,0.931,0,1,0.0543,-5.827,0.0976,144.747,0.909
64,210133,0.0136,0.61,0.824,1.75E-06,4,0.0606,-6.046,0.0534,134.992,0.819
59,312400,0.0608,0.372,0.857,9.01E-05,5,0.187,-7.816,0.0461,146.08,0.389
61,228066,0.0657,0.574,0.93,7.78E-06,1,0.108,-2.949,0.0413,92.303,0.69
65,257120,0.00253,0.303,0.961,6.20E-05,9,0.132,-5.333,0.243,146.591,0.305
51,273013,4.91E-05,0.542,0.839,0,3,0.0471,-4.404,0.0487,121.026,0.611
57,302933,0.159,0.447,0.348,1.98E-06,5,0.0835,-16.199,0.039,177.356,0.227
45,321266,0.36,0.341,0.406,0.0519,2,0.126,-8.139,0.0359,79.995,0.33
65,227800,0.021,0.518,0.938,0.000305,8,0.288,-5.964,0.0416,139.138,0.71
74,165906,0.00242,0.317,0.981,0.00677,6,0.0852,-7.102,0.174,140.079,0.234
49,257053,0.0795,0.537,0.382,0.00115,7,0.114,-15.568,0.0245,148.061,0.338
22,215899,0.0442,0.546,0.91,5.61E-05,5,0.263,-6.736,0.061,90.58,0.458
66,282746,0.000652,0.551,0.947,0.000257,2,0.0637,-4.671,0.152,127.657,0.466
54,235360,0.000303,0.616,0.807,2.37E-05,8,0.193,-11.4,0.0348,111.054,0.637
79,250986,0.127,0.5,0.748,0,4,0.447,-9.072,0.0363,118.852,0.514
54,346626,0.0766,0.519,0.61,6.49E-05,0,0.248,-10.256,0.036,121.324,0.232
72,258026,0.000359,0.601,0.859,0.00124,5,0.0871,-5.263,0.0276,125.145,0.446
69,168405,4.52E-05,0.415,0.658,0.000735,4,0.176,-12.051,0.0696,163.015,0.45
77,210173,0.00287,0.532,0.767,0.000513,7,0.39,-5.509,0.0574,127.361,0.755
36,271240,0.213,0.768,0.852,7.45E-05,4,0.0723,-6.215,0.038,128.374,0.867
57,231693,0.00914,0.526,0.9,0,4,0.277,-4.76,0.0531,125.349,0.458
52,241506,0.186,0.633,0.732,1.37E-05,8,0.13,-6.785,0.0707,126.567,0.273
68,251866,0.0105,0.282,0.656,0,8,0.0892,-6.557,0.0302,139.352,0.242
69,214960,0.148,0.472,0.9,0.000297,8,0.34,-6.406,0.0582,95.826,0.42
54,243280,0.0219,0.611,0.853,0,2,0.671,-4.983,0.034,135.558,0.376
65,197866,0.551,0.716,0.821,5.68E-06,7,0.618,-4.204,0.0389,120.737,0.931
48,211906,0.146,0.657,0.567,2.00E-05,9,0.0554,-12.871,0.0261,109.007,0.563
72,261933,0.015,0.547,0.691,0.105,4,0.144,-13.553,0.0369,137.148,0.667
37,313226,0.297,0.453,0.543,0,0,0.0928,-10.106,0.0366,151.362,0.282
45,253733,0.413,0.828,0.447,0.00335,1,0.074,-10.563,0.0349,117.391,0.676
66,241373,0.077,0.502,0.513,0,0,0.494,-6.473,0.0251,108.371,0.318
65,221413,0.662,0.561,0.42,2.60E-06,4,0.186,-7.79,0.0272,72.319,0.27
69,212933,0.378,0.588,0.656,0.00227,3,0.042,-6.373,0.0224,79.701,0.746
61,262413,0.267,0.542,0.44,2.48E-06,10,0.147,-11.161,0.0257,78.325,0.341
67,260386,0.278,0.344,0.477,0.0128,4,0.136,-10.266,0.0338,143.78,0.182
73,294773,0.155,0.408,0.48,1.82E-05,9,0.0877,-11.017,0.0266,156.344,0.19
49,207760,0.207,0.465,0.552,0,9,0.182,-7.23,0.0295,79.035,0.331
65,211400,0.874,0.47,0.228,2.48E-05,3,0.133,-13.651,0.0316,116.947,0.14
48,266266,0.64,0.207,0.358,0.000356,10,0.166,-9.672,0.0289,62.33,0.209
67,257440,0.42,0.495,0.609,0,7,0.187,-9.902,0.0339,135.671,0.33
65,234332,0.115,0.261,0.703,0.00078,6,0.102,-7.871,0.0414,83.495,0.405
62,234560,0.767,0.543,0.227,4.29E-05,8,0.103,-11.247,0.0298,123.548,0.292
58,251400,0.771,0.62,0.186,0.0115,7,0.0738,-19.696,0.0276,137.715,0.44
64,263933,0.282,0.598,0.282,0,11,0.105,-17.227,0.0256,134.706,0.305
69,234493,0.169,0.526,0.515,0.000816,9,0.181,-11.169,0.0389,136.543,0.518
64,242678,0.764,0.553,0.614,0,1,0.0811,-5.098,0.0306,136.628,0.345
69,202173,0.584,0.405,0.21,0,2,0.139,-13.214,0.0279,100.577,0.174
62,259000,0.728,0.396,0.479,9.51E-06,5,0.102,-8.072,0.0268,109.973,0.184
74,328293,0.506,0.744,0.545,0.0977,0,0.0649,-9.361,0.0297,97.409,0.346
64,338800,0.513,0.629,0.581,2.06E-06,4,0.0755,-11.856,0.027,97.074,0.359
75,270333,0.0298,0.643,0.801,0,6,0.0719,-4.921,0.0228,95.988,0.534
32,241066,0.355,0.636,0.405,0,8,0.081,-11.113,0.0287,128.068,0.257
55,211933,0.0814,0.578,0.213,0,0,0.116,-18.504,0.0277,84.778,0.317
85,225280,0.018,0.573,0.902,0.00125,6,0.0928,-7.638,0.054,84.412,0.876
69,292066,0.31,0.33,0.469,2.30E-06,10,0.0402,-9.286,0.0335,201.327,0.433
13,300093,0.144,0.575,0.634,1.68E-06,2,0.314,-8.822,0.0348,153.217,0.79
67,231840,0.248,0.469,0.278,0.000126,3,0.133,-16.311,0.028,169.735,0.331
60,275986,0.114,0.677,0.509,0.0134,5,0.0659,-7.472,0.0252,93.042,0.525
73,328093,0.108,0.539,0.583,0,1,0.111,-4.935,0.0275,86.063,0.337
14,243666,0.0596,0.34,0.412,0,9,0.117,-13.727,0.0268,69.857,0.402
72,258120,0.0778,0.518,0.585,2.43E-06,5,0.31,-8.485,0.0279,144.998,0.312
72,255733,0.0613,0.497,0.719,0,6,0.411,-9.397,0.0266,95.769,0.547
58,256226,0.296,0.443,0.282,0.000231,7,0.308,-14.339,0.0299,179.714,0.262
62,256487,0.328,0.59,0.306,6.95E-06,10,0.0377,-16.326,0.0325,77.069,0.493
74,243066,0.576,0.724,0.436,1.19E-06,0,0.0908,-9.321,0.0282,130.439,0.324
72,206360,0.198,0.58,0.498,0,1,0.132,-6.901,0.0277,116.271,0.111
60,324346,0.169,0.608,0.604,0.000133,5,0.106,-12.285,0.0433,164.254,0.673
76,304786,0.193,0.477,0.471,1.76E-06,6,0.131,-10.036,0.0277,81.204,0.423
70,267080,0.0979,0.202,0.644,0,11,0.109,-5.212,0.0324,85.04,0.252
56,418000,0.348,0.439,0.512,0,8,0.154,-12.875,0.0515,131.386,0.197
35,295520,0.000185,0.538,0.432,0.309,2,0.139,-11.882,0.0295,110.181,0.116
73,218733,0.638,0.418,0.452,0.00026,1,0.0959,-13.099,0.0356,175.088,0.168
72,229240,0.368,0.583,0.602,0,11,0.22,-6.364,0.0274,74.008,0.388
74,264333,0.8,0.395,0.252,0,0,0.101,-13.589,0.0301,177.679,0.126
70,204000,0.492,0.638,0.352,0,10,0.105,-9.266,0.0268,94.173,0.204
70,193120,0.0811,0.692,0.422,0,2,0.0848,-10.533,0.0333,74.375,0.468
63,235666,0.64,0.521,0.233,0,7,0.245,-13.683,0.0254,78.927,0.409
69,280400,0.0158,0.625,0.726,0.000169,11,0.0625,-11.402,0.0444,124.945,0.507
70,255666,0.191,0.541,0.44,0,10,0.114,-12.206,0.031,140.273,0.232
75,273600,0.0326,0.445,0.955,0.284,8,0.317,-8.027,0.0856,123.343,0.336
77,210173,0.00287,0.532,0.767,0.000513,7,0.39,-5.509,0.0574,127.361,0.755
75,267306,0.00211,0.267,0.953,0,1,0.283,-4.899,0.096,84.989,0.568
78,241599,0.171,0.572,0.835,0.000376,0,0.0702,-6.219,0.0317,129.994,0.796
74,214653,0.115,0.951,0.53,0.179,5,0.17,-6.594,0.178,109.979,0.699
63,250626,0.0665,0.52,0.887,0.000179,0,0.186,-3.296,0.0349,122.528,0.793
79,188986,0.079,0.742,0.833,0,2,0.384,-6.463,0.115,113.375,0.816
66,359733,0.0157,0.51,0.696,0.000104,4,0.297,-10.83,0.0802,176.567,0.905
75,253886,0.56,0.813,0.46,0.0105,1,0.0724,-9.78,0.0346,117.387,0.729
71,457133,0.00388,0.619,0.703,0.205,10,0.163,-9.414,0.0525,115.043,0.709
73,256000,0.219,0.63,0.449,0,5,0.0622,-13.243,0.0252,84.378,0.623
70,295515,0.000207,0.543,0.432,0.369,2,0.146,-11.832,0.0288,110.196,0.107
65,180517,0.0713,0.801,0.723,0.154,10,0.0675,-4.985,0.0689,109.03,0.883
66,201866,0.000312,0.519,0.934,0.00457,7,0.137,-7.137,0.0471,138.162,0.586
36,271240,0.213,0.768,0.852,7.45E-05,4,0.0723,-6.215,0.038,128.374,0.867
69,265773,0.417,0.537,0.978,1.56E-05,4,0.0374,-2.921,0.0442,126.343,0.931
70,352906,0.0102,0.729,0.989,4.45E-05,9,0.443,-4.613,0.049,126.47,0.84
73,278680,0.000373,0.398,0.952,7.75E-05,4,0.1,-6.042,0.061,122.093,0.584
66,252493,0.00853,0.482,0.601,0.000187,7,0.249,-12.846,0.0486,125.619,0.774
71,260173,0.16,0.533,0.637,1.12E-05,6,0.369,-5.571,0.0323,140.167,0.292
69,270426,0.0296,0.6,0.931,7.10E-05,7,0.392,-4.647,0.0734,140.123,0.542
15,270160,0.207,0.39,0.898,6.64E-05,7,0.217,-4.089,0.045,90.703,0.204
59,310960,0.00841,0.767,0.651,3.86E-05,6,0.0609,-10.186,0.0501,105.592,0.946
77,356400,0.141,0.449,0.901,0.0675,6,0.128,-7.711,0.0526,125.148,0.696
60,219666,0.0127,0.502,0.924,0,4,0.162,-6.299,0.0503,149.186,0.922
60,269600,0.0515,0.3,0.894,0.000333,2,0.125,-7.786,0.109,118.631,0.268
66,246800,0.0846,0.611,0.883,1.20E-06,9,0.192,-11.225,0.0539,117.928,0.604
61,228066,0.0657,0.574,0.93,7.78E-06,1,0.108,-2.949,0.0413,92.303,0.69
72,261933,0.015,0.547,0.691,0.105,4,0.144,-13.553,0.0369,137.148,0.667
57,220306,0.000466,0.525,0.858,0.878,9,0.166,-4.927,0.0345,145.492,0.669
68,259906,0.181,0.644,0.919,0.134,2,0.622,-6.289,0.0561,117.459,0.871
62,224906,0.0112,0.637,0.682,0.0234,11,0.0473,-11.625,0.0366,129.983,0.714
63,179360,0.000212,0.49,0.827,0.00406,8,0.112,-9.481,0.0482,108.577,0.626
68,408173,0.000854,0.398,0.93,0.121,11,0.0874,-6.76,0.0615,190.818,0.725
48,212013,0.0524,0.442,0.935,0.000307,9,0.188,-6.903,0.0424,151.448,0.514
84,293826,0.0236,0.92,0.654,0.0158,11,0.0359,-3.051,0.0401,117.046,0.847
67,316706,0.048,0.555,0.973,0,9,0.0853,-3.804,0.035,118.642,0.805
56,336613,0.0113,0.492,0.709,0.00564,2,0.153,-9.66,0.0359,125.799,0.264
73,210226,0.00124,0.527,0.978,4.75E-05,8,0.0744,-5.436,0.109,141.169,0.463
16,192960,0.435,0.65,0.732,0,4,0.093,-10.042,0.0289,109.292,0.919
66,287000,0.0387,0.426,0.65,3.76E-06,7,0.126,-7.747,0.0332,82.184,0.493
72,220626,0.0433,0.691,0.812,1.16E-06,0,0.299,-7.772,0.0558,127.568,0.685
60,231280,0.000384,0.457,0.794,7.26E-05,1,0.131,-6.624,0.0298,90.439,0.354
56,164866,0.0252,0.524,0.881,0,5,0.101,-4.479,0.0468,101.677,0.62
58,245360,0.0114,0.648,0.947,0.0567,4,0.105,-6.617,0.0369,113.255,0.602
55,245533,0.158,0.823,0.563,0.00033,0,0.0861,-10.134,0.0318,108.86,0.563
72,199666,0.0308,0.567,0.943,0.0966,6,0.544,-7.992,0.0387,128.207,0.965
69,393666,0.174,0.511,0.942,1.87E-05,0,0.139,-10.407,0.0429,97.909,0.498
26,162506,0.438,0.569,0.402,0,0,0.134,-10.151,0.0433,144.635,0.696
32,282560,0.000766,0.536,0.959,0.0533,2,0.22,-5.126,0.076,111.012,0.39
80,216053,0.0183,0.508,0.834,0,2,0.0732,-6.205,0.0386,139.131,0.774
69,447440,0.00112,0.444,0.703,0.0761,7,0.127,-9.443,0.0641,106.228,0.419
63,506400,0.0491,0.667,0.655,0.000894,2,0.0641,-9.339,0.0367,134.212,0.657
9,195933,0.113,0.704,0.77,0,2,0.101,-8.843,0.0526,131.57,0.839
72,287306,0.648,0.45,0.658,3.14E-06,2,0.264,-7.064,0.0472,106.799,0.781
68,207400,0.129,0.673,0.72,0.0133,8,0.0813,-10.411,0.0376,133.62,0.6
64,204621,0.000989,0.525,0.902,0.691,2,0.137,-8.662,0.0368,146.83,0.907
67,230666,0.00482,0.476,0.897,2.38E-05,9,0.152,-4.237,0.0627,152.497,0.667
75,193200,0.0094,0.887,0.48,3.58E-05,11,0.0662,-11.994,0.117,95.846,0.607
15,220706,0.027,0.526,0.924,0.000728,7,0.598,-5.591,0.0391,147.28,0.793
82,251488,0.372,0.638,0.8,0.00553,7,0.113,-12.077,0.0572,112.055,0.569
85,225280,0.018,0.573,0.902,0.00125,6,0.0928,-7.638,0.054,84.412,0.876
52,236800,0.334,0.676,0.7,1.40E-05,11,0.0462,-13.397,0.0391,114.932,0.692
73,450800,0.000726,0.793,0.703,0.88,0,0.075,-9.548,0.0581,130.27,0.856
73,263040,0.168,0.66,0.816,0.0181,2,0.0608,-6.61,0.0299,111.346,0.678
76,248906,0.25,0.491,0.802,0,4,0.387,-7.106,0.0392,119.25,0.472
75,288733,0.546,0.522,0.559,0.00565,6,0.188,-13.641,0.0387,176.894,0.908
65,363640,0.361,0.702,0.59,3.91E-06,2,0.0512,-12.76,0.0302,111.57,0.973
54,277480,0.0139,0.565,0.764,0.00488,1,0.079,-9.43,0.0351,100.891,0.686
58,242720,0.0155,0.324,0.931,0.0252,9,0.277,-6.803,0.0837,82.748,0.313
68,287400,0.000183,0.441,0.908,0.00328,11,0.0612,-4.627,0.115,145.439,0.632
64,212226,0.000646,0.554,0.833,0.0025,2,0.0737,-6.667,0.0347,142.673,0.773
68,201026,0.0372,0.472,0.946,0,2,0.352,-4.591,0.145,177.489,0.486
66,211026,0.0249,0.629,0.785,9.45E-06,5,0.0522,-10.761,0.0471,108.531,0.869
75,296200,0.361,0.453,0.906,0.000569,9,0.26,-4.001,0.115,137.575,0.473
74,165906,0.00242,0.317,0.981,0.00677,6,0.0852,-7.102,0.174,140.079,0.234
70,233960,0.0103,0.221,0.956,0.000523,0,0.195,-4.641,0.0876,173.254,0.432
34,218400,0.00182,0.566,0.926,0.122,4,0.281,-7.099,0.0327,146.271,0.963
25,288533,0.000732,0.536,0.869,0.000374,4,0.337,-4.91,0.0597,166.383,0.493
44,227733,0.000901,0.421,0.742,0.00216,4,0.689,-10.564,0.0334,105.889,0.762
63,252533,4.82E-06,0.55,0.765,0.873,7,0.132,-8.684,0.0287,139.453,0.417
74,310333,0.0628,0.536,0.844,0.00084,6,0.0608,-6.918,0.058,117.652,0.185
68,224933,0.0911,0.673,0.899,0.0172,11,0.0481,-3.528,0.0434,129.885,0.793
66,346280,0.132,0.522,0.85,0.0338,7,0.295,-4.769,0.0361,124.216,0.71